0	The Project Gutenberg EBook of Alice’s Adventures in Wonderland	WORK_OF_ART	0	63
0	Lewis Carroll	PERSON	68	81
1	the United States	GPE	48	65
1	the Project Gutenberg License	LAW	218	247
1	eBook	WORK_OF_ART	267	272
1	the United States	GPE	332	349
2	Alice’s Adventures in Wonderland	WORK_OF_ART	7	39
3	Lewis Carroll	PERSON	8	21
4	June 25, 2008	DATE	14	27
4	11	CARDINAL	36	38
4	October 12, 2020	DATE	64	80
5	English	LANGUAGE	10	17
6	UTF	ORG	24	27
8	Arthur DiBianca	PERSON	12	27
8	David Widger	PERSON	32	44
10	Alice’s Adventures	PERSON	0	18
10	Wonderland	GPE	22	32
11	Lewis Carroll	PERSON	3	16
12	3.0	CARDINAL	31	34
14	A Caucus-Race	WORK_OF_ART	86	99
14	The Rabbit Sends in a Little Bill	WORK_OF_ART	132	165
14	Caterpillar	ORG	196	207
14	Alice	PERSON	445	450
15	the Rabbit-Hole	PERSON	16	31
16	Alice	PERSON	0	5
16	Alice	PERSON	260	265
18	Alice	PERSON	56	61
18	Rabbit	PERSON	113	119
18	Rabbit	PERSON	329	335
18	Alice	PERSON	428	433
19	Alice	PERSON	28	33
20	The rabbit-hole	PERSON	0	15
20	Alice	PERSON	109	114
21	First	ORDINAL	163	168
21	one	CARDINAL	458	461
21	one	CARDINAL	674	677
22	Alice	PERSON	16	21
23	four thousand miles	QUANTITY	210	229
23	Alice	PERSON	261	266
23	Latitude	LOC	564	572
23	Longitude	LOC	576	585
23	Alice	PERSON	601	606
23	Latitude	ORG	624	632
23	Longitude	LOC	641	650
24	The Antipathies	PERSON	167	182
24	Ma’am	PERSON	380	385
24	New Zealand	GPE	395	406
24	Australia	GPE	410	419
25	Alice	PERSON	51	56
25	Dinah	PERSON	84	89
25	Dinah	PERSON	139	144
25	Dinah	PERSON	216	221
25	Alice	PERSON	417	422
25	Dinah	PERSON	779	784
25	Dinah	PERSON	826	831
26	Alice	PERSON	0	5
26	the White Rabbit	PERSON	158	174
26	Alice	PERSON	258	263
26	Rabbit	PERSON	449	455
27	Alice	PERSON	72	77
27	one	CARDINAL	104	107
28	three	CARDINAL	32	37
28	Alice	PERSON	131	136
28	first	ORDINAL	139	144
28	one	CARDINAL	181	184
28	second	ORDINAL	344	350
28	about fifteen inches	QUANTITY	451	471
29	Alice	PERSON	0	5
29	Alice	PERSON	416	421
29	Alice	PERSON	643	648
30	Alice	PERSON	293	298
31	Alice	PERSON	60	65
31	first	ORDINAL	120	125
32	Alice	PERSON	51	56
36	Alice	PERSON	31	36
37	ten inches	QUANTITY	39	49
37	First	ORDINAL	189	194
37	a few minutes	TIME	220	233
37	Alice	PERSON	354	359
38	Alice	PERSON	116	121
38	one	CARDINAL	372	375
39	Alice	PERSON	49	54
39	this minute	TIME	110	121
39	two	CARDINAL	475	478
39	Alice	PERSON	523	528
39	two	CARDINAL	548	551
39	one	CARDINAL	607	610
40	Alice	PERSON	213	218
41	Alice	PERSON	280	285
46	The Pool of Tears	PERSON	12	29
47	Curiouser	PERSON	1	10
47	Alice	PERSON	33	38
47	English	LANGUAGE	122	129
47	Alice	PERSON	586	591
47	"every
Christmas"	DATE	690	705
49	Alice’s Right Foot, Esq.	ORG	1	25
49	Hearthrug	GPE	27	36
49	Fender	ORG	47	53
49	Alice	PERSON	68	73
51	more than nine feet	QUANTITY	76	95
52	Alice	PERSON	5	10
52	one	CARDINAL	58	61
52	one	CARDINAL	105	108
53	Alice	PERSON	44	49
53	gallons	QUANTITY	203	210
53	"about
four inches"	QUANTITY	265	282
53	half	CARDINAL	301	305
54	"the White
Rabbit"	PERSON	129	145
54	one	CARDINAL	212	215
54	Alice	PERSON	407	412
54	Rabbit	PERSON	487	493
54	Rabbit	PERSON	569	575
55	Alice	PERSON	0	5
55	yesterday	DATE	173	182
56	four	CARDINAL	356	360
56	five	CARDINAL	367	371
56	twelve	CARDINAL	375	381
56	four	CARDINAL	387	391
56	six	CARDINAL	398	401
56	thirteen	CARDINAL	405	413
56	four	CARDINAL	419	423
56	seven	CARDINAL	430	435
56	twenty	CARDINAL	469	475
56	the Multiplication Table	ORG	499	523
56	London	GPE	562	568
56	Paris	GPE	587	592
56	Paris	GPE	598	603
56	Rome	GPE	622	626
56	Rome—no	GPE	632	639
56	Mabel	PERSON	703	708
57	the Nile	LOC	84	92
59	Alice	PERSON	52	57
59	Mabel	PERSON	123	128
59	Mabel	PERSON	319	324
59	first	ORDINAL	486	491
59	Alice	PERSON	619	624
60	one	CARDINAL	92	95
60	Rabbit	PERSON	103	109
60	about two feet	QUANTITY	352	366
61	Alice	PERSON	35	40
62	first	ORDINAL	115	120
62	Alice	PERSON	239	244
62	English	NORP	358	365
62	nine feet	QUANTITY	635	644
63	Alice	PERSON	38	43
65	Alice	PERSON	39	44
65	O Mouse	PERSON	215	222
65	O Mouse	PERSON	302	309
65	Alice	PERSON	313	318
65	Latin Grammar	WORK_OF_ART	466	479
65	Mouse	PERSON	535	540
65	one	CARDINAL	608	611
66	English	LANGUAGE	31	38
66	Alice	PERSON	49	54
66	French	NORP	74	80
66	William the Conqueror	PERSON	103	124
66	Alice	PERSON	168	173
66	first	ORDINAL	290	295
66	French	NORP	312	318
66	Mouse	PERSON	336	341
66	Alice	PERSON	453	458
67	Mouse	PERSON	27	32
68	Alice	PERSON	26	31
68	Dinah	PERSON	118	123
68	Alice	PERSON	220	225
68	Alice	PERSON	493	498
68	Mouse	PERSON	524	529
69	Mouse	PERSON	23	28
70	Alice	PERSON	23	28
70	Mouse	PERSON	125	130
70	Alice	PERSON	150	155
70	a hundred pounds	QUANTITY	541	557
70	Alice	PERSON	609	614
70	Mouse	PERSON	681	686
71	Mouse	PERSON	32	37
71	Mouse	PERSON	143	148
71	Alice	PERSON	245	250
72	Duck	PRODUCT	128	132
72	Dodo	PRODUCT	139	143
72	Lory	NORP	147	151
72	Eaglet	PRODUCT	159	165
72	Alice	PERSON	204	209
73	A Caucus-Race	WORK_OF_ART	13	26
75	first	ORDINAL	4	9
75	a few minutes	TIME	102	115
75	Alice	PERSON	143	148
75	Lory	PERSON	281	285
75	Alice	PERSON	387	392
75	Lory	PERSON	453	457
76	Mouse	PERSON	12	17
76	Mouse	PERSON	210	215
76	Alice	PERSON	231	236
77	Mouse	PERSON	17	22
77	"William
the Conqueror"	PERSON	134	155
77	English	LANGUAGE	224	231
77	Edwin	PERSON	318	323
77	Morcar	PERSON	328	334
77	Mercia	PERSON	349	355
77	Northumbria—	PERSON	360	372
78	Lory	PERSON	16	20
79	Mouse	PERSON	30	35
80	Lory	PERSON	18	22
81	Mouse	PERSON	30	35
81	Edwin	PERSON	51	56
81	Morcar	PERSON	61	67
81	Mercia	PERSON	82	88
81	Northumbria	PERSON	93	104
81	Stigand	PERSON	133	140
81	Canterbury	GPE	170	180
82	Duck	PERSON	25	29
83	Mouse	PERSON	18	23
84	Duck	PERSON	70	74
85	Mouse	PERSON	4	9
85	Edgar Atheling	PERSON	96	110
85	William	PERSON	119	126
85	William	PERSON	152	159
85	first	ORDINAL	173	178
85	Normans—	PERSON	218	226
85	Alice	PERSON	291	296
86	Alice	PERSON	23	28
87	Dodo	PERSON	25	29
88	English	LANGUAGE	7	14
88	Eaglet	PERSON	26	32
88	half	CARDINAL	63	67
88	Eaglet	PERSON	144	150
89	Dodo	PERSON	36	40
90	Alice	PERSON	32	37
90	Dodo	PERSON	81	85
91	Dodo	PERSON	16	20
91	some winter day	DATE	115	130
91	Dodo	PERSON	156	160
92	First	ORDINAL	0	5
92	One	CARDINAL	184	187
92	two	CARDINAL	189	192
92	three	CARDINAL	194	199
92	half an hour	TIME	374	386
92	Dodo	PERSON	424	428
93	Dodo	PERSON	18	22
93	one	CARDINAL	105	108
93	Shakespeare	PERSON	181	192
93	Dodo	PERSON	265	269
95	Dodo	PERSON	34	38
95	Alice	PERSON	52	57
95	one	CARDINAL	63	66
96	Alice	PERSON	0	5
96	one	CARDINAL	207	210
97	Mouse	PERSON	56	61
98	Dodo	PERSON	17	21
98	Alice	PERSON	108	113
99	Alice	PERSON	23	28
100	Dodo	PERSON	30	34
101	Dodo	PERSON	53	57
102	Alice	PERSON	0	5
103	Mouse	PERSON	281	286
104	Alice	PERSON	55	60
105	Mouse	PERSON	42	47
105	Alice	PERSON	60	65
106	Alice	PERSON	39	44
106	Mouse	PERSON	78	83
106	Mouse	PERSON	166	171
107	Fury	PERSON	1	5
107	this morning	TIME	177	189
107	Fury	PERSON	391	395
108	Mouse	PERSON	34	39
108	Alice	PERSON	43	48
109	Alice	PERSON	26	31
109	fifth	ORDINAL	65	70
110	Mouse	PERSON	25	30
111	Alice	PERSON	15	20
112	Mouse	PERSON	43	48
113	Alice	PERSON	33	38
114	Mouse	PERSON	4	9
115	Alice	PERSON	42	47
115	Mouse	PERSON	128	133
116	Lory	PERSON	43	47
116	Crab	PERSON	98	102
116	Crab	PERSON	261	265
117	Dinah	PERSON	18	23
117	Alice	PERSON	49	54
118	Dinah	PERSON	12	17
118	Lory	PERSON	69	73
119	Alice	PERSON	0	5
119	Dinah	PERSON	72	77
120	one	CARDINAL	98	101
120	Magpie	PERSON	106	112
120	Canary	PERSON	242	248
120	Alice	PERSON	401	406
121	Dinah	PERSON	27	32
121	Dinah	PERSON	173	178
121	Alice	PERSON	238	243
121	Mouse	PERSON	448	453
122	The Rabbit Sends	PERSON	12	28
122	Bill	PERSON	41	45
123	the White Rabbit	PERSON	7	23
123	Alice	PERSON	327	332
123	"a
moment"	TIME	344	352
124	Rabbit	PERSON	14	20
124	Alice	PERSON	29	34
124	Mary Ann	PERSON	109	117
124	Alice	PERSON	230	235
125	Mary Ann	PERSON	429	437
126	Alice	PERSON	22	27
126	Dinah	PERSON	91	96
126	Alice	PERSON	200	205
126	Alice	PERSON	359	364
126	Dinah	PERSON	391	396
127	two	CARDINAL	126	129
127	three	CARDINAL	133	138
129	another minute	TIME	119	133
129	one	CARDINAL	212	215
129	one	CARDINAL	341	344
129	one	CARDINAL	372	375
130	Alice	PERSON	12	17
131	Alice	PERSON	47	52
132	Alice	PERSON	20	25
132	one	CARDINAL	95	98
133	Alice	PERSON	17	22
134	first	ORDINAL	27	32
134	one	CARDINAL	33	36
134	a few minutes	TIME	122	135
135	Mary Ann	PERSON	1	9
135	Mary Ann!	PERSON	11	20
135	Alice	PERSON	124	129
135	Rabbit	PERSON	146	152
135	about a thousand	CARDINAL	254	270
135	Rabbit	PERSON	293	299
136	Rabbit	PERSON	14	20
136	Alice	PERSON	101	106
136	Alice	PERSON	175	180
137	Alice	PERSON	28	33
137	Rabbit	PERSON	85	91
138	Rabbit	PERSON	29	35
138	Pat	PERSON	39	42
138	Pat	PERSON	44	47
139	Rabbit	PERSON	39	45
140	Pat	PERSON	14	17
142	one	CARDINAL	33	36
145	Alice	PERSON	41	46
145	Alice	PERSON	393	398
146	Bill	PERSON	243	247
146	Bill	PERSON	264	268
146	Bill	PERSON	441	445
146	Bill	PERSON	591	595
146	Bill	PERSON	687	691
146	Bill	PERSON	711	715
147	Bill	PERSON	8	12
147	Alice	PERSON	59	64
147	Bill	PERSON	116	120
147	Bill	PERSON	139	143
148	Bill	PERSON	236	240
148	one	CARDINAL	252	255
149	first	ORDINAL	4	9
149	Bill	PERSON	62	66
149	Rabbit	PERSON	78	84
149	Brandy	PERSON	199	205
150	Bill	PERSON	53	57
150	Alice	PERSON	68	73
150	Jack	PERSON	216	220
152	Rabbit	PERSON	40	46
152	Alice	PERSON	60	65
152	Dinah	PERSON	120	125
153	Alice	PERSON	40	45
153	a minute	TIME	158	166
153	two	CARDINAL	170	173
153	Alice	PERSON	210	215
153	Rabbit	PERSON	226	232
154	Alice	PERSON	33	38
155	Alice	PERSON	0	5
155	one	CARDINAL	159	162
156	one	CARDINAL	17	20
156	Lizard	PERSON	264	270
156	Bill	PERSON	272	276
156	two	CARDINAL	314	317
156	Alice	PERSON	401	406
157	first	ORDINAL	5	10
157	Alice	PERSON	39	44
157	second	ORDINAL	136	142
159	one	CARDINAL	91	94
159	Alice	PERSON	147	152
160	Alice	PERSON	246	251
160	Alice	PERSON	474	479
160	half	CARDINAL	909	913
161	Alice	PERSON	15	20
162	Alice	PERSON	48	53
162	one	CARDINAL	129	132
163	Alice	PERSON	40	45
165	Caterpillar	ORG	25	36
166	Caterpillar	ORG	4	15
166	Alice	PERSON	20	25
166	Caterpillar	ORG	85	96
167	Caterpillar	ORG	26	37
168	Alice	PERSON	56	61
169	Caterpillar	ORG	37	48
170	Alice	PERSON	50	55
171	Caterpillar	ORG	24	35
172	Alice	PERSON	42	47
172	a day	DATE	157	162
173	Caterpillar	ORG	21	32
174	Alice	PERSON	50	55
174	some day	DATE	110	118
175	Caterpillar	ORG	22	33
176	Alice	PERSON	53	58
177	Caterpillar	ORG	16	27
178	Alice	PERSON	68	73
178	Caterpillar	ORG	105	116
178	first	ORDINAL	247	252
179	Caterpillar	ORG	16	27
180	Alice	PERSON	43	48
180	Caterpillar	ORG	96	107
181	Caterpillar	ORG	17	28
182	Alice	PERSON	35	40
183	Caterpillar	ORG	29	40
184	Alice	PERSON	20	25
185	Caterpillar	ORG	15	26
186	Alice	PERSON	0	5
186	some minutes	TIME	138	150
187	Alice	PERSON	29	34
187	ten minutes	TIME	106	117
188	Caterpillar	ORG	41	52
189	Alice	PERSON	85	90
190	William_	PERSON	31	39
190	Caterpillar	ORG	52	63
191	Alice	PERSON	0	5
192	William	PERSON	21	28
193	William	PERSON	22	29
199	three	CARDINAL	17	22
200	Caterpillar	ORG	35	46
201	Alice	PERSON	38	43
202	Caterpillar	ORG	46	57
202	some minutes	TIME	95	107
203	Caterpillar	ORG	4	15
203	first	ORDINAL	24	29
205	Alice	PERSON	37	42
206	Caterpillar	ORG	27	38
207	Alice	PERSON	0	5
208	Caterpillar	ORG	32	43
209	Alice	PERSON	79	84
209	three inches	QUANTITY	87	99
210	Caterpillar	ORG	44	55
210	exactly three inches	QUANTITY	108	128
211	Alice	PERSON	39	44
212	Caterpillar	ORG	42	53
213	Alice	PERSON	10	15
213	"a
minute"	TIME	67	75
213	two	CARDINAL	79	82
213	Caterpillar	ORG	87	98
213	One	CARDINAL	272	275
214	One	CARDINAL	1	4
214	Alice	PERSON	56	61
215	Caterpillar	ORG	28	39
216	Alice	PERSON	0	5
216	a minute	TIME	56	64
216	two	CARDINAL	100	103
222	Alice	PERSON	37	42
223	Alice	PERSON	43	48
226	Alice	PERSON	28	33
228	Alice	PERSON	59	64
230	Alice	PERSON	0	5
230	Pigeon	PERSON	99	105
231	Pigeon	PERSON	61	67
231	these three weeks	DATE	163	180
232	Alice	PERSON	43	48
234	Alice	PERSON	44	49
235	Pigeon	PERSON	33	39
236	Alice	PERSON	28	33
236	that day	DATE	115	123
237	Pigeon	PERSON	34	40
238	Alice	PERSON	40	45
239	Pigeon	PERSON	31	37
240	Alice	PERSON	28	33
240	"a
minute"	TIME	65	73
240	two	CARDINAL	77	80
240	Pigeon	PERSON	97	103
241	Alice	PERSON	39	44
242	Pigeon	FAC	31	37
242	Alice	PERSON	95	100
243	a few minutes	TIME	127	140
243	one minute	TIME	298	308
243	about four feet	QUANTITY	534	549
243	Alice	PERSON	587	592
243	nine inches	QUANTITY	817	828
244	Pepper	PERSON	20	26
245	a minute	TIME	4	12
245	two	CARDINAL	16	19
245	Alice	PERSON	437	442
246	The Fish-Footman	PERSON	0	16
246	The Frog-Footman	PERSON	228	244
248	Alice	PERSON	0	5
248	"the
Fish-Footman"	PERSON	130	146
249	Alice	PERSON	0	5
250	Footman	PERSON	47	54
250	two	CARDINAL	70	73
250	First	ORDINAL	83	88
250	secondly	ORDINAL	143	151
251	Alice	PERSON	21	26
252	Footman	PERSON	50	57
252	Alice	PERSON	283	288
253	Footman	PERSON	24	31
254	Footman	PERSON	98	105
254	one	CARDINAL	167	170
255	next day	DATE	5	13
255	Footman	PERSON	27	34
256	Alice	PERSON	28	33
257	Footman	PERSON	39	46
257	first	ORDINAL	60	65
258	Alice	PERSON	23	28
258	one	CARDINAL	161	164
259	Footman	PERSON	4	11
259	days and days	DATE	141	154
260	Alice	PERSON	30	35
261	Footman	PERSON	30	37
262	Alice	PERSON	45	50
263	one	CARDINAL	70	73
263	Duchess	PERSON	96	103
263	three	CARDINAL	121	126
264	Alice	PERSON	50	55
265	Duchess	PERSON	56	63
266	Alice	PERSON	33	38
266	first	ORDINAL	130	135
267	Cheshire	GPE	8	16
267	Duchess	PERSON	32	39
268	Alice	PERSON	54	59
269	Cheshire	GPE	20	28
270	Duchess	PERSON	25	32
271	Alice	PERSON	31	36
272	Duchess	PERSON	32	39
273	Alice	PERSON	0	5
273	Duchess	FAC	285	292
273	first	ORDINAL	326	331
273	Duchess	PERSON	394	401
274	Alice	PERSON	45	50
275	Duchess	PERSON	46	53
276	Alice	PERSON	42	47
276	twenty-four hours	TIME	219	236
277	Duchess	PERSON	28	35
278	Alice	PERSON	0	5
278	Twenty-four hours	TIME	180	197
278	twelve	CARDINAL	219	225
279	Duchess	PERSON	34	41
283	Duchess	PERSON	10	17
283	second	ORDINAL	27	33
283	Alice	PERSON	144	149
287	Alice	PERSON	65	70
288	Alice	PERSON	0	5
288	Alice	PERSON	169	174
288	two	CARDINAL	359	362
289	Alice	PERSON	289	294
289	a day or two	DATE	324	336
289	Alice	PERSON	514	519
290	Alice	PERSON	28	33
290	Alice	PERSON	272	277
291	Alice	PERSON	77	82
292	Alice	PERSON	0	5
293	the Cheshire Cat	LOC	445	461
293	a few yards	QUANTITY	491	502
294	Cat	PERSON	4	7
294	Alice	PERSON	33	38
295	Cheshire Puss	PERSON	1	14
295	Alice	PERSON	181	186
296	Cat	PERSON	65	68
297	Alice	PERSON	32	37
298	Cat	PERSON	52	55
299	Alice	PERSON	33	38
300	Cat	PERSON	39	42
301	Alice	PERSON	0	5
302	Cat	PERSON	27	30
302	Hatter	PERSON	74	80
302	March Hare	DATE	139	149
303	Alice	PERSON	43	48
304	Cat	PERSON	36	39
305	Alice	PERSON	32	37
306	Cat	PERSON	24	27
307	Alice	PERSON	0	5
308	Cat	PERSON	26	29
309	Alice	PERSON	21	26
310	Cat	PERSON	18	21
311	Alice	PERSON	42	47
312	Cat	PERSON	34	37
313	Alice	PERSON	35	40
314	Cat	PERSON	32	35
315	Alice	PERSON	0	5
316	Cat.	PERSON	48	52
317	Alice	PERSON	24	29
318	Cat	PERSON	31	34
319	Alice	PERSON	0	5
319	a minute	TIME	88	96
319	two	CARDINAL	100	103
319	the March Hare	EVENT	144	158
319	the March Hare	EVENT	227	241
319	March	DATE	360	365
319	Cat	PERSON	419	422
320	Cat	PERSON	36	39
321	Alice	PERSON	22	27
322	Cat	PERSON	22	25
323	Alice	PERSON	54	59
324	the March Hare	WORK_OF_ART	71	85
324	about two feet	QUANTITY	352	366
324	Hatter	PERSON	520	526
326	"the
March Hare"	WORK_OF_ART	66	80
326	Hatter	PERSON	89	95
326	Dormouse	PRODUCT	121	129
326	two	CARDINAL	183	186
326	Dormouse	PERSON	298	306
326	Alice	PERSON	317	322
327	three	CARDINAL	35	40
327	one	CARDINAL	70	73
327	Alice	PERSON	137	142
327	Alice	PERSON	184	189
327	one	CARDINAL	244	247
328	Hare	PERSON	28	32
329	Alice	PERSON	0	5
330	March Hare	DATE	28	38
331	Alice	PERSON	53	58
332	March Hare	DATE	74	84
333	Alice	PERSON	42	47
333	three	CARDINAL	87	92
334	Hatter	PERSON	36	42
334	Alice	PERSON	67	72
334	first	ORDINAL	126	131
335	Alice	PERSON	49	54
336	Hatter	PERSON	4	10
337	Alice	PERSON	44	49
338	the March Hare	ORG	69	83
339	Alice	PERSON	19	24
340	March Hare	DATE	41	51
341	Alice	PERSON	8	13
342	Hatter	PERSON	37	43
343	March	DATE	40	45
344	Dormouse	PERSON	40	48
345	Hatter	PERSON	44	50
345	a minute	TIME	116	124
345	Alice	PERSON	132	137
346	Hatter	PERSON	4	10
346	first	ORDINAL	19	24
346	Alice	PERSON	98	103
347	Alice	PERSON	0	5
347	fourth	ORDINAL	46	52
348	Two days	DATE	1	9
348	Hatter	PERSON	29	35
348	the March Hare	EVENT	110	124
349	March Hare	PERSON	32	42
350	Hatter	PERSON	53	59
351	March	DATE	4	9
351	Hare	PERSON	10	14
351	first	ORDINAL	173	178
352	Alice	PERSON	0	5
352	the day of the month	DATE	108	128
353	Hatter	PERSON	30	36
354	Alice	PERSON	17	22
354	the same year	DATE	74	87
355	Hatter	PERSON	47	53
356	Alice	PERSON	0	5
356	Hatter	PERSON	35	41
356	English	LANGUAGE	117	124
357	Dormouse	PERSON	5	13
357	Hatter	PERSON	41	47
358	Dormouse	PRODUCT	4	12
359	Hatter	PERSON	39	45
359	Alice	PERSON	63	68
360	Alice	PERSON	20	25
361	Hatter	PERSON	41	47
362	March Hare	DATE	18	28
363	Alice	PERSON	0	5
364	Hatter	PERSON	45	51
365	Alice	PERSON	35	40
366	Hatter	PERSON	27	33
367	Alice	PERSON	15	20
368	Hatter	PERSON	37	43
368	"nine o’clock in
the morning"	TIME	196	223
368	Half-past	DATE	337	346
369	the March Hare	ORG	23	37
370	Alice	PERSON	39	44
371	first	ORDINAL	8	13
371	Hatter	PERSON	34	40
371	half-past one	DATE	68	81
372	Alice	PERSON	32	37
373	Hatter	PERSON	4	10
373	the March Hare	WORK_OF_ART	155	169
373	the Queen of Hearts	PERSON	211	230
376	Alice	PERSON	37	42
377	Hatter	PERSON	28	34
380	first	ORDINAL	31	36
380	Hatter	PERSON	54	60
381	Alice	PERSON	35	40
382	Hatter	PERSON	27	33
382	six	CARDINAL	102	105
383	Alice	PERSON	24	29
384	Hatter	PERSON	27	33
385	Alice	PERSON	46	51
386	Hatter	PERSON	23	29
387	Alice	PERSON	57	62
388	the March Hare	EVENT	33	47
389	one	CARDINAL	25	28
389	Alice	PERSON	36	41
391	Dormouse	PERSON	4	12
392	March Hare	DATE	28	38
393	Alice	PERSON	26	31
394	Hatter	PERSON	35	41
395	three	CARDINAL	29	34
395	Dormouse	PERSON	56	64
395	Elsie	PERSON	111	116
395	Lacie	PERSON	118	123
395	Tillie	PERSON	129	135
396	Alice	PERSON	30	35
397	Dormouse	PERSON	34	42
397	a minute	TIME	59	67
397	two	CARDINAL	71	74
398	Alice	PERSON	42	47
400	Alice	PERSON	0	5
401	Hare	PERSON	32	36
401	Alice	PERSON	45	50
402	Alice	PERSON	24	29
403	Hatter	PERSON	43	49
404	Alice	PERSON	36	41
405	Hatter	PERSON	41	47
406	Alice	PERSON	0	5
406	Dormouse	PRODUCT	125	133
407	Dormouse	PERSON	4	12
407	a minute	TIME	24	32
407	two	CARDINAL	36	39
408	Alice	PERSON	25	30
408	Hatter	PERSON	67	73
408	the March Hare	PERSON	78	92
408	Sh!	WORK_OF_ART	99	102
408	Dormouse	PERSON	116	124
409	Alice	PERSON	20	25
410	One	CARDINAL	1	4
410	Dormouse	PERSON	24	32
410	three	CARDINAL	92	97
411	Alice	PERSON	27	32
412	Treacle	PERSON	1	8
412	Dormouse	PERSON	20	28
413	Hatter	PERSON	38	44
413	one	CARDINAL	62	65
414	Dormouse	PERSON	33	41
414	the March Hare	EVENT	56	70
414	Dormouse	NORP	86	94
414	Alice	PERSON	108	113
414	the March Hare	EVENT	151	165
414	Hatter	PERSON	171	177
414	Alice	PERSON	238	243
414	the March Hare	ORG	286	300
415	Alice	PERSON	0	5
415	Dormouse	PERSON	33	41
416	Hatter	PERSON	51	57
417	Alice	PERSON	31	36
417	Dormouse	PERSON	49	57
419	Alice	PERSON	29	34
419	Dormouse	PRODUCT	53	61
421	Alice	PERSON	22	27
422	March Hare	DATE	20	30
423	Alice	PERSON	0	5
424	Dormouse	ORG	4	12
424	Hatter	PERSON	107	113
425	Alice	PERSON	31	36
426	Hatter	PERSON	36	42
427	Alice	PERSON	37	42
427	Dormouse	PERSON	104	112
427	Dormouse	PRODUCT	336	344
428	Alice	PERSON	48	53
429	one	CARDINAL	40	43
429	today	DATE	153	158
432	three	CARDINAL	108	113
432	Alice	PERSON	157	162
433	Five	CARDINAL	27	31
433	Seven	CARDINAL	51	56
434	Seven	CARDINAL	9	14
434	Five	CARDINAL	50	54
435	Five	CARDINAL	32	36
435	yesterday	DATE	66	75
436	first	ORDINAL	40	45
437	Two	CARDINAL	33	36
437	Seven	CARDINAL	44	49
438	Five	CARDINAL	34	38
439	Seven	CARDINAL	0	5
439	Alice	PERSON	115	120
440	Alice	PERSON	26	31
441	Five	CARDINAL	0	4
441	Seven	CARDINAL	9	14
441	Two	CARDINAL	43	46
441	Two	CARDINAL	48	51
441	"this
moment Five"	TIME	343	359
441	three	CARDINAL	454	459
441	Alice	PERSON	561	566
442	First	ORDINAL	0	5
442	ten	CARDINAL	11	14
442	three	CARDINAL	71	76
442	ten	CARDINAL	156	159
442	two	CARDINAL	228	231
442	two	CARDINAL	236	239
442	ten	CARDINAL	310	313
442	Kings	NORP	464	469
442	Queens	GPE	474	480
442	Alice	PERSON	497	502
442	the White Rabbit	PERSON	514	530
442	the Knave of Hearts	WORK_OF_ART	661	680
443	Alice	PERSON	0	5
443	three	CARDINAL	81	86
444	Alice	PERSON	37	42
444	Queen	PERSON	88	93
444	"the
Knave of Hearts"	PERSON	138	157
445	Queen	PERSON	18	23
445	Alice	PERSON	71	76
446	Alice	PERSON	12	17
446	Alice	PERSON	49	54
447	three	CARDINAL	55	60
447	three	CARDINAL	303	308
448	Alice	PERSON	28	33
450	Alice	PERSON	17	22
450	Queen	PERSON	59	64
451	King	PERSON	4	8
452	Knave	PERSON	56	61
453	Knave	PERSON	4	9
453	one	CARDINAL	39	42
454	three	CARDINAL	59	64
456	Two	CARDINAL	35	38
456	one	CARDINAL	77	80
457	Queen	PERSON	20	25
457	three	CARDINAL	124	129
457	Alice	PERSON	212	217
458	Alice	PERSON	31	36
458	three	CARDINAL	100	105
458	"a
minute"	TIME	134	142
458	two	CARDINAL	146	149
462	Alice	PERSON	40	45
463	Alice	PERSON	15	20
464	Alice	PERSON	39	44
465	a very fine day	DATE	11	26
465	the White Rabbit	PERSON	80	96
466	Alice	PERSON	13	18
467	Rabbit	PERSON	23	29
468	Alice	PERSON	17	22
469	Rabbit	PERSON	34	40
470	Alice	PERSON	21	26
471	Rabbit	PERSON	34	40
471	Alice	PERSON	48	53
471	Rabbit	PERSON	104	110
472	a minute	TIME	179	187
472	two	CARDINAL	191	194
472	Alice	PERSON	216	221
473	Alice	PERSON	21	26
473	Alice	PERSON	826	831
474	"a
minute"	TIME	275	283
475	Alice	PERSON	0	5
475	any minute	TIME	130	140
476	two	CARDINAL	227	230
476	the Cheshire Cat	WORK_OF_ART	292	308
477	Cat	PERSON	35	38
478	Alice	PERSON	0	5
478	at least one	CARDINAL	126	138
478	another minute	TIME	152	166
478	Alice	PERSON	201	206
478	Cat	PERSON	320	323
479	Alice	PERSON	41	46
480	Cat	PERSON	38	41
481	Alice	PERSON	19	24
481	Queen	PERSON	79	84
483	King	PERSON	37	41
483	Alice	PERSON	55	60
483	Cat	PERSON	81	84
484	Cheshire Cat	PERSON	25	37
484	Alice	PERSON	45	50
485	King	PERSON	47	51
486	Cat	PERSON	22	25
487	King	PERSON	33	37
487	Alice	PERSON	87	92
488	Alice	PERSON	33	38
489	King	PERSON	37	41
489	Queen	PERSON	76	81
490	Queen	PERSON	4	9
490	only one	CARDINAL	14	22
491	King	PERSON	46	50
492	Alice	PERSON	0	5
492	three	CARDINAL	183	188
493	Alice	PERSON	75	80
493	one	CARDINAL	121	124
493	Alice	PERSON	247	252
494	Alice	PERSON	161	166
495	the Cheshire Cat	FAC	21	37
495	King	PERSON	163	167
495	Queen	PERSON	177	182
496	Alice	PERSON	11	16
496	three	CARDINAL	54	59
498	King	PERSON	4	8
499	Queen	PERSON	4	9
500	Alice	PERSON	0	5
502	The Cat’s head	PERSON	0	14
502	Duchess	PERSON	100	107
502	King	PERSON	145	149
503	The Mock Turtle	PERSON	12	27
504	Duchess	PERSON	79	86
504	Alice	PERSON	130	135
505	Alice	PERSON	0	5
507	Duchess	PERSON	28	35
508	Alice	PERSON	25	30
509	Duchess	PERSON	28	35
509	Alice	PERSON	128	133
510	Alice	PERSON	0	5
510	first	ORDINAL	49	54
510	Duchess	PERSON	68	75
510	secondly	ORDINAL	97	105
510	Alice	PERSON	170	175
513	Alice	PERSON	17	22
514	Duchess	PERSON	51	58
514	Alice	PERSON	95	100
515	Alice	PERSON	47	52
516	Duchess	PERSON	75	82
517	Alice	PERSON	17	22
519	Alice	PERSON	29	34
520	Duchess	PERSON	28	35
521	Alice	PERSON	34	39
522	Duchess	PERSON	28	35
522	Alice	PERSON	82	87
523	Alice	PERSON	24	29
524	Duchess	PERSON	35	42
525	Alice	PERSON	43	48
527	Alice	PERSON	67	72
528	Duchess	PERSON	41	48
529	Alice	PERSON	35	40
531	Alice	PERSON	30	35
532	Duchess	PERSON	37	44
533	Alice	PERSON	13	18
533	Alice	PERSON	174	179
534	A fine day	DATE	1	11
536	Duchess	PERSON	4	11
537	Queen	PERSON	33	38
537	Alice	PERSON	47	52
537	Alice	PERSON	58	63
538	Queen	PERSON	161	166
539	Queen	PERSON	35	40
539	the end of half an hour	TIME	283	306
539	King	PERSON	372	376
539	Queen	PERSON	382	387
539	Alice	PERSON	393	398
540	Queen	PERSON	9	14
540	Alice	PERSON	58	63
540	the Mock Turtle	PERSON	80	95
541	Alice	PERSON	11	16
541	a Mock Turtle	FAC	42	55
542	Mock Turtle Soup	ORG	16	32
543	one	CARDINAL	30	33
543	Alice	PERSON	41	46
544	Queen	PERSON	26	31
545	Alice	PERSON	29	34
545	King	PERSON	45	49
545	Queen	PERSON	235	240
546	Gryphon	PRODUCT	27	34
546	Gryphon	ORG	92	99
546	Queen	PERSON	153	158
546	"the Mock
Turtle"	WORK_OF_ART	193	208
546	Alice	PERSON	325	330
546	Gryphon	PRODUCT	346	353
546	Alice	PERSON	355	360
547	The Gryphon	PERSON	0	11
547	Gryphon	ORG	132	139
547	half	CARDINAL	141	145
547	half	CARDINAL	157	161
547	Alice	PERSON	165	170
548	Alice	PERSON	26	31
549	Gryphon	PERSON	23	30
550	Alice	PERSON	42	47
551	the Mock Turtle	FAC	38	53
551	Alice	PERSON	147	152
551	Gryphon	PERSON	264	271
551	Gryphon	PERSON	281	288
552	the Mock Turtle	ORG	19	34
553	Gryphon	PERSON	33	40
554	the Mock Turtle	PERSON	25	40
555	some minutes	TIME	39	51
555	Alice	PERSON	53	58
556	the Mock Turtle	PERSON	13	28
556	Turtle	PERSON	70	76
557	Hjckrrh	PERSON	95	102
557	Gryphon	PRODUCT	114	121
557	the Mock Turtle	LOC	157	172
557	Alice	PERSON	174	179
558	the Mock Turtle	LOC	23	38
558	Turtle—we	PERSON	166	175
558	Tortoise—	PERSON	193	202
559	Tortoise	PERSON	22	30
559	one	CARDINAL	45	48
559	Alice	PERSON	51	56
560	the Mock Turtle	PERSON	52	67
561	Gryphon	PERSON	83	90
561	Alice	PERSON	141	146
561	Gryphon	ORG	199	206
561	the Mock Turtle	FAC	215	230
563	Alice	PERSON	37	42
564	the Mock Turtle	WORK_OF_ART	16	31
565	Gryphon	PERSON	30	37
565	Alice	PERSON	46	51
565	The Mock Turtle	PERSON	71	86
567	Alice	PERSON	41	46
568	the Mock Turtle	ORG	21	36
569	Alice	PERSON	12	17
569	French	NORP	31	37
570	the Mock Turtle	WORK_OF_ART	20	35
571	Alice	PERSON	22	27
572	the Mock Turtle	ORG	51	66
572	French	NORP	143	149
573	Alice	PERSON	41	46
574	the Mock Turtle	WORK_OF_ART	38	53
575	Alice	PERSON	26	31
576	Reeling	PERSON	1	8
576	the Mock Turtle	WORK_OF_ART	50	65
576	Uglification	ORG	145	157
576	Derision	ORG	163	171
577	Alice	PERSON	35	40
578	Gryphon	ORG	4	11
579	Alice	PERSON	12	17
580	Gryphon	PERSON	18	25
581	Alice	PERSON	0	5
581	the Mock Turtle	WORK_OF_ART	83	98
582	the Mock Turtle	WORK_OF_ART	27	42
582	Drawling, Stretching	WORK_OF_ART	246	266
582	Fainting in Coils	WORK_OF_ART	272	289
583	Alice	PERSON	29	34
584	the Mock Turtle	ORG	36	51
584	Gryphon	ORG	82	89
585	Gryphon	PERSON	24	31
587	Gryphon	PERSON	33	40
588	Alice	PERSON	52	57
589	Ten hours	TIME	1	10
589	the first day	DATE	11	24
589	the Mock Turtle	PERSON	32	47
589	nine	CARDINAL	50	54
590	Alice	PERSON	33	38
591	Gryphon	PERSON	48	55
592	Alice	PERSON	29	34
592	the eleventh day	DATE	108	124
593	the Mock Turtle	WORK_OF_ART	25	40
594	the twelfth	DATE	27	38
594	Alice	PERSON	41	46
595	Gryphon	PERSON	35	42
596	The Lobster Quadrille	PERSON	11	32
597	The Mock Turtle	PERSON	0	15
597	one	CARDINAL	52	55
597	Alice	PERSON	94	99
597	a minute	TIME	129	137
597	two	CARDINAL	141	144
597	Gryphon	PERSON	219	226
597	the Mock Turtle	FAC	297	312
598	Alice	PERSON	64	69
598	Alice	PERSON	131	136
599	Alice	PERSON	19	24
600	Gryphon	PERSON	16	23
600	first	ORDINAL	30	35
601	Two	CARDINAL	1	4
601	the Mock Turtle	WORK_OF_ART	19	34
602	Gryphon	PRODUCT	52	59
604	Gryphon	PRODUCT	46	53
605	the Mock Turtle	ORG	13	28
606	Gryphon	PRODUCT	60	67
608	Gryphon	PRODUCT	28	35
610	Gryphon	PRODUCT	32	39
612	Gryphon	PRODUCT	36	43
613	first	ORDINAL	40	45
613	"the Mock
Turtle"	PERSON	60	75
613	two	CARDINAL	114	117
613	Alice	PERSON	240	245
614	Alice	PERSON	39	44
615	the Mock Turtle	FAC	45	60
616	Alice	PERSON	25	30
617	first	ORDINAL	21	26
617	the Mock Turtle	WORK_OF_ART	41	56
617	Gryphon	PRODUCT	64	71
618	Gryphon	PERSON	27	34
619	Alice	PERSON	47	52
619	the Mock Turtle	PERSON	172	187
622	England	GPE	136	143
622	France—	GPE	161	168
623	Alice	PERSON	58	63
624	the Mock Turtle	PERSON	30	45
625	Alice	PERSON	12	17
626	Dinn	PERSON	20	24
626	the Mock Turtle	FAC	39	54
627	Alice	PERSON	16	21
628	the Mock Turtle	FAC	38	53
628	the Mock Turtle	WORK_OF_ART	164	179
628	Gryphon	PERSON	263	270
629	Gryphon	PERSON	26	33
630	Alice	PERSON	18	23
631	Gryphon	PERSON	55	62
632	Alice	PERSON	33	38
633	Gryphon	PERSON	37	44
634	Alice	PERSON	0	5
635	Gryphon	PERSON	49	56
636	Alice	PERSON	0	5
637	Gryphon	PRODUCT	37	44
638	Alice	PERSON	29	34
639	Soles	PERSON	1	6
639	Gryphon	PERSON	33	40
640	Alice	PERSON	32	37
641	the Mock Turtle	ORG	43	58
642	Alice	PERSON	27	32
643	the Mock Turtle	PERSON	22	37
644	Alice	PERSON	33	38
645	the Mock Turtle	PERSON	21	36
645	Gryphon	PERSON	74	81
646	Alice	PERSON	67	72
646	yesterday	DATE	122	131
647	the Mock Turtle	ORG	25	40
648	first	ORDINAL	24	29
648	Gryphon	PERSON	41	48
649	Alice	PERSON	3	8
649	first	ORDINAL	66	71
649	the White Rabbit	PERSON	76	92
649	two	CARDINAL	147	150
649	one	CARDINAL	182	185
649	William	PERSON	390	397
649	Caterpillar	ORG	408	419
649	"the Mock
Turtle"	WORK_OF_ART	466	481
650	Gryphon	PERSON	51	58
651	the Mock Turtle	WORK_OF_ART	25	40
651	Gryphon	PERSON	158	165
651	Alice	PERSON	218	223
652	Gryphon	PRODUCT	67	74
653	Alice	PERSON	74	79
655	Shark	PERSON	129	134
656	Gryphon	PERSON	74	81
657	the Mock Turtle	ORG	38	53
658	Alice	PERSON	0	5
659	the Mock Turtle	ORG	43	58
660	Gryphon	PERSON	33	40
662	first	ORDINAL	10	15
662	Alice	PERSON	38	43
663	Gryphon	PERSON	33	40
664	Alice	PERSON	0	5
665	one	CARDINAL	42	45
665	Panther	PRODUCT	71	78
666	Panther	ORG	41	48
666	Owl	PRODUCT	96	99
666	Owl	PRODUCT	175	178
666	Panther	ORG	243	250
667	the Mock Turtle	PERSON	49	64
668	Gryphon	PERSON	48	55
668	Alice	PERSON	61	66
669	the Lobster Quadrille	PERSON	32	53
669	Gryphon	PERSON	60	67
669	the Mock Turtle	WORK_OF_ART	96	111
670	the Mock Turtle	WORK_OF_ART	24	39
670	Alice	PERSON	59	64
670	Gryphon	PERSON	94	101
670	Turtle Soup_	PERSON	177	189
671	The Mock Turtle	PERSON	0	15
672	evening	TIME	112	119
672	evening	TIME	149	156
672	Beau—ootiful Soo—oop	PERSON	178	198
672	Beau—ootiful Soo—oop	PERSON	204	224
673	two	CARDINAL	94	97
673	Beau—ootiful Soo—oop	PERSON	173	193
673	Beau—ootiful Soo—oop	PERSON	199	219
674	Gryphon	PERSON	26	33
674	the Mock Turtle	PERSON	39	54
675	Gryphon	PERSON	21	28
675	Alice	PERSON	42	47
676	Alice	PERSON	20	25
676	Gryphon	PERSON	53	60
679	Queen of Hearts	PERSON	13	28
679	Knave	PERSON	194	199
679	the White Rabbit	PERSON	301	317
679	one	CARDINAL	337	340
679	Alice	PERSON	502	507
680	Alice	PERSON	0	5
681	King	PERSON	31	35
682	Alice	PERSON	35	40
682	twelve	CARDINAL	53	59
682	two	CARDINAL	232	235
682	three	CARDINAL	239	244
683	twelve	CARDINAL	4	10
683	Alice	PERSON	81	86
683	Gryphon	PRODUCT	104	111
684	Gryphon	PERSON	40	47
685	Alice	PERSON	17	22
685	the White Rabbit	PERSON	86	102
685	"Silence in the
court"	WORK_OF_ART	115	135
685	King	PERSON	146	150
686	Alice	PERSON	0	5
686	Alice	PERSON	343	348
687	One	CARDINAL	0	3
687	Alice	PERSON	62	67
687	Bill	PERSON	247	251
687	Lizard	PERSON	257	263
687	one	CARDINAL	379	382
688	Herald	ORG	1	7
688	King	PERSON	40	44
689	this the White Rabbit	EVENT	3	24
689	three	CARDINAL	30	35
690	The Queen of Hearts	PERSON	1	20
690	The Knave of Hearts	WORK_OF_ART	68	87
691	King	PERSON	29	33
692	Rabbit	PERSON	24	30
693	first	ORDINAL	10	15
693	King	PERSON	35	39
693	the White Rabbit	PERSON	45	61
693	three	CARDINAL	67	72
693	First	ORDINAL	113	118
694	first	ORDINAL	4	9
694	Hatter	PERSON	26	32
694	one	CARDINAL	62	65
695	King	PERSON	39	43
696	Hatter	PERSON	4	10
696	March	DATE	25	30
696	Hare	PERSON	31	35
696	Dormouse	PRODUCT	94	102
696	Fourteenth of March	DATE	105	124
697	March Hare	DATE	22	32
698	Sixteenth	ORDINAL	1	10
698	Dormouse	PRODUCT	23	31
699	King	PERSON	23	27
699	three	CARDINAL	82	87
699	shillings and pence	MONEY	161	180
700	King	PERSON	25	29
700	Hatter	PERSON	42	48
701	Hatter	PERSON	26	32
702	Stolen	PERSON	2	8
702	King	PERSON	16	20
703	Hatter	PERSON	27	33
704	Hatter	PERSON	63	69
705	King	PERSON	31	35
706	one	CARDINAL	73	76
706	Queen	PERSON	120	125
707	Alice	PERSON	20	25
707	second	ORDINAL	229	235
708	Dormouse	PERSON	43	51
709	Alice	PERSON	24	29
710	Dormouse	PERSON	43	51
711	Alice	PERSON	28	33
712	Dormouse	PERSON	51	59
713	Queen	PERSON	18	23
713	Hatter	PERSON	58	64
713	Dormouse	PERSON	83	91
713	one	CARDINAL	123	126
713	Hatter	PERSON	235	241
714	King	PERSON	26	30
715	Hatter	PERSON	36	42
716	King	PERSON	40	44
717	Hatter	PERSON	31	37
719	Hatter	PERSON	22	28
720	the March Hare	WORK_OF_ART	12	26
721	Hatter	PERSON	20	26
722	March Hare	DATE	22	32
723	King	PERSON	25	29
724	Dormouse	PERSON	24	32
724	Hatter	PERSON	44	50
724	Dormouse	PERSON	124	132
725	Hatter	PERSON	28	34
726	Dormouse	PERSON	18	26
726	one	CARDINAL	33	36
727	Hatter	PERSON	34	40
728	King	PERSON	36	40
729	Hatter	PERSON	14	20
729	one	CARDINAL	79	82
730	King	PERSON	43	47
731	one	CARDINAL	5	8
731	first	ORDINAL	288	293
732	Alice	PERSON	40	45
733	King	PERSON	69	73
734	Hatter	PERSON	32	38
735	King	PERSON	31	35
737	Alice	PERSON	47	52
738	Hatter	PERSON	37	43
738	Queen	PERSON	73	78
739	King	PERSON	23	27
739	Hatter	PERSON	37	43
740	Queen	PERSON	43	48
740	one	CARDINAL	58	61
740	Hatter	PERSON	87	93
741	King	PERSON	34	38
742	Alice	PERSON	85	90
743	King	PERSON	31	35
744	Sha	PERSON	1	4
745	King	PERSON	4	8
745	the White Rabbit	PERSON	29	45
746	King	PERSON	31	35
747	Pepper	PERSON	1	7
748	Treacle	PERSON	1	8
749	Dormouse	PERSON	13	21
749	Dormouse	PERSON	81	89
750	some minutes	TIME	4	16
750	Dormouse	PRODUCT	63	71
751	King	PERSON	23	27
751	_you_	PERSON	144	149
752	Alice	PERSON	0	5
752	the White Rabbit	PERSON	14	30
752	the White Rabbit	PERSON	218	234
752	Alice	PERSON	294	299
753	Alice	PERSON	13	18
754	Alice	PERSON	14	19
754	the last few minutes	TIME	93	113
754	the week before	DATE	383	398
756	Alice	PERSON	177	182
757	Alice	PERSON	0	5
757	one	CARDINAL	358	361
758	Lizard	PERSON	231	237
759	King	PERSON	44	48
759	Alice	PERSON	57	62
760	Alice	PERSON	16	21
761	King	PERSON	36	40
762	Alice	PERSON	25	30
763	King	PERSON	29	33
763	"the White
Rabbit"	PERSON	127	143
763	Un_important	PERSON	159	171
764	Un_important	PERSON	2	14
764	King	PERSON	41	45
766	Alice	PERSON	68	73
767	King	PERSON	19	23
767	"Rule
Forty-two"	WORK_OF_ART	137	151
767	more than a mile	QUANTITY	166	182
768	Alice	PERSON	20	25
769	Alice	PERSON	30	35
770	King	PERSON	20	24
771	Nearly two miles	QUANTITY	1	17
772	Alice	PERSON	39	44
773	King	PERSON	45	49
774	One	CARDINAL	28	31
774	Alice	PERSON	39	44
775	King	PERSON	4	8
776	"the
White Rabbit"	PERSON	63	79
778	the White Rabbit	PERSON	32	48
779	King	PERSON	35	39
780	one	CARDINAL	30	33
781	the White Rabbit	PERSON	33	49
783	the White Rabbit	PERSON	24	40
784	King	PERSON	55	59
785	Knave	PERSON	32	37
786	King	PERSON	34	38
787	first	ORDINAL	58	63
787	King	PERSON	88	92
787	that day	DATE	102	110
789	Alice	PERSON	38	43
790	King	PERSON	22	26
791	The White Rabbit	PERSON	0	16
792	King	PERSON	30	34
793	the White Rabbit	PERSON	22	38
796	two	CARDINAL	30	33
796	three	CARDINAL	51	56
800	King	PERSON	72	76
801	Alice	PERSON	42	47
802	She_	PERSON	43	47
803	King	PERSON	40	44
803	one	CARDINAL	217	220
803	Knave	PERSON	353	358
804	Knave	PERSON	4	9
805	two	CARDINAL	176	179
806	Alice	PERSON	62	67
807	King	PERSON	32	36
808	Lizard	PERSON	63	69
808	Bill	PERSON	108	112
808	one	CARDINAL	152	155
809	King	PERSON	43	47
810	King	PERSON	18	22
810	King	PERSON	116	120
810	twentieth	ORDINAL	141	150
812	Alice	PERSON	27	32
812	first	ORDINAL	74	79
814	Alice	PERSON	16	21
816	Alice	PERSON	26	31
818	Alice	PERSON	10	15
819	Alice	PERSON	42	47
819	Alice	PERSON	341	346
820	Alice	PERSON	126	131
821	First	ORDINAL	0	5
821	Alice	PERSON	29	34
822	the White Rabbit	PERSON	38	54
822	Mouse	PERSON	81	86
822	the March Hare	EVENT	178	192
822	Gryphon	PRODUCT	453	460
822	Lizard	PRODUCT	483	489
822	"Mock
Turtle"	LOC	617	628
823	Wonderland	LOC	62	72
823	Gryphon	PRODUCT	421	428
823	"the Mock
Turtle"	FAC	603	618
824	Wonderland	PERSON	373	383
826	Project Gutenberg	WORK_OF_ART	7	24
826	Alice’s Adventures in Wonderland	WORK_OF_ART	27	59
826	Lewis Carroll	PERSON	64	77
828	11-0.txt	DATE	32	40
829	Arthur DiBianca	PERSON	12	27
829	David Widger	PERSON	32	44
831	U.S.	GPE	56	60
831	United States	GPE	100	113
831	Foundation	ORG	147	157
831	"the United
States"	GPE	199	216
831	the General Terms of Use	LAW	304	328
831	"Project
Gutenberg-tm"	PRODUCT	385	405
831	Project Gutenberg	ORG	482	499
831	the United States	GPE	916	933
831	U.S.	GPE	963	967
834	"Project
Gutenberg"	PRODUCT	193	210
834	"the Full
Project Gutenberg-tm License"	LAW	256	293
835	1	CARDINAL	8	9
836	Project Gutenberg-tm	ORG	356	376
836	1.E.8	CARDINAL	674	679
837	"1.B. ""Project Gutenberg"""	ORG	0	24
837	"Project
Gutenberg-tm"	ORG	404	424
837	Project Gutenberg-tm	ORG	524	544
838	The Project Gutenberg Literary Archive Foundation	ORG	5	54
838	Foundation	ORG	61	71
838	PGLAF	ORG	76	81
838	Project Gutenberg-tm	ORG	134	154
838	"the United
States"	GPE	251	268
838	"the
United States"	GPE	327	344
838	the United States	GPE	368	385
838	Project Gutenberg	PRODUCT	553	570
838	Project Gutenberg-tm	LAW	721	741
838	Project Gutenberg-tm License	PRODUCT	981	1009
839	the United States	GPE	190	207
839	Foundation	ORG	441	451
839	the United States	GPE	544	561
840	Project Gutenberg	WORK_OF_ART	47	64
841	1.E.1	CARDINAL	0	5
841	Project Gutenberg-tm License	LAW	92	120
841	"""Project Gutenberg"	WORK_OF_ART	224	242
841	"""Project Gutenberg"	WORK_OF_ART	278	296
842	the United States	GPE	48	65
842	the Project Gutenberg License	LAW	223	252
842	eBook	WORK_OF_ART	274	279
842	"the
  United States"	GPE	338	357
843	1.E.2	CARDINAL	0	5
843	U.S.	GPE	100	104
843	the United States	GPE	269	286
843	1.	CARDINAL	516	518
843	1.E.7	CARDINAL	530	535
843	1.E.8	CARDINAL	647	652
843	1.E.9	CARDINAL	656	661
844	1.E.3	CARDINAL	0	5
844	Project Gutenberg-tm	ORG	24	44
844	E.1	CARDINAL	177	180
844	1.E.7	CARDINAL	189	194
844	the Project Gutenberg-tm License	LAW	288	320
845	1.E.4	CARDINAL	0	5
845	"Project Gutenberg-tm
License"	LAW	50	78
845	Project Gutenberg-tm	ORG	179	199
846	1.E.5	CARDINAL	0	5
846	1.	CARDINAL	191	193
847	1.E.6	CARDINAL	0	5
847	"""Plain Vanilla ASCII"""	WORK_OF_ART	283	304
847	Project Gutenberg-tm	ORG	373	393
847	Project Gutenberg-tm License	LAW	683	711
847	1.E.1	CARDINAL	738	743
848	1.E.7	CARDINAL	0	5
848	Project Gutenberg-tm	PRODUCT	103	123
848	1.E.9	CARDINAL	172	177
849	1.E.8	CARDINAL	0	5
850	20%	PERCENT	27	30
850	Project Gutenberg-tm	ORG	228	248
850	"the Project
  Gutenberg Literary Archive Foundation"	ORG	324	375
850	60 days	DATE	416	423
850	"the Project
  Gutenberg Literary Archive Foundation"	ORG	595	646
850	Section 4	LAW	677	686
850	"the Project Gutenberg
  Literary Archive Foundation"	ORG	720	771
851	30 days	DATE	108	115
851	Project Gutenberg-tm	ORG	381	401
852	90 days	DATE	197	204
853	Project Gutenberg-tm	ORG	79	99
854	1.E.9	CARDINAL	0	5
854	the Project Gutenberg Literary Archive Foundation	ORG	211	260
854	"The
Project Gutenberg Trademark LLC"	ORG	265	300
854	Project Gutenberg-tm	ORG	319	339
854	Foundation	ORG	363	373
854	Section 3	LAW	390	399
856	Project Gutenberg	ORG	7	24
856	U.S.	GPE	164	168
856	Project Gutenberg-tm	ORG	255	275
857	"the ""Right
of Replacement or Refund"""	LAW	60	96
857	1.F.3	CARDINAL	120	125
857	"the Project
Gutenberg Literary Archive Foundation"	ORG	127	176
857	"Project
Gutenberg-tm"	ORG	195	215
857	"Project
Gutenberg-tm"	PRODUCT	262	282
857	1.	CARDINAL	552	554
857	F.3	CARDINAL	554	557
857	TRADEMARK	ORG	594	603
857	INDIRECT	ORG	698	706
857	CONSEQUENTIAL	ORG	708	721
858	90 days	DATE	104	111
858	second	ORDINAL	603	609
858	second	ORDINAL	685	691
859	1.F.3	CARDINAL	84	89
861	Foundation	ORG	55	65
861	Foundation	ORG	117	127
861	Project Gutenberg-tm	ORG	156	176
862	2	CARDINAL	8	9
863	Project Gutenberg-tm	ORG	0	20
863	hundreds	CARDINAL	229	237
864	Project Gutenberg-tm's	ORG	110	132
864	Project Gutenberg-tm	PRODUCT	161	181
864	2001	DATE	250	254
864	"the Project
Gutenberg Literary Archive Foundation"	ORG	256	305
864	Project Gutenberg-tm	ORG	363	383
864	"the Project Gutenberg Literary
Archive Foundation"	ORG	428	477
864	Sections 3 and 4	LAW	527	543
864	Foundation	ORG	552	562
865	3	CARDINAL	8	9
865	the Project Gutenberg Literary Archive Foundation	ORG	29	78
866	The Project Gutenberg Literary Archive Foundation	ORG	0	49
866	3	CARDINAL	73	74
866	Mississippi	GPE	141	152
866	"the Internal
Revenue Service"	ORG	186	214
866	Foundation	ORG	220	230
866	64-6221541	CARDINAL	277	287
866	"the Project Gutenberg Literary
Archive Foundation"	ORG	306	355
866	U.S.	GPE	407	411
867	Foundation	ORG	4	14
867	Fairbanks	GPE	40	49
867	Alaska	GPE	51	57
867	PO Box	ORG	85	91
867	750175	CARDINAL	92	98
867	Fairbanks	GPE	100	109
867	"Salt
Lake City"	GPE	254	268
867	UT 84116	FAC	270	278
867	801	CARDINAL	281	284
867	596-1887	CARDINAL	286	294
867	Foundation	ORG	371	381
869	Gregory B. Newby	PERSON	4	20
870	4	CARDINAL	8	9
870	"the Project Gutenberg
Literary Archive Foundation"	ORG	42	91
871	$1 to $5,000	MONEY	340	352
871	IRS	ORG	423	426
872	Foundation	ORG	4	14
872	50	CARDINAL	108	110
872	"the United
States"	GPE	121	138
874	the United States	GPE	143	160
874	U.S.	GPE	162	166
875	Project Gutenberg	ORG	17	34
876	5	CARDINAL	8	9
876	Project Gutenberg-tm	ORG	37	57
877	Michael S. Hart	PERSON	10	25
877	"Project
Gutenberg-tm"	ORG	52	72
877	forty years	DATE	159	170
877	Project Gutenberg-tm eBooks	PRODUCT	200	227
878	Project Gutenberg-tm	PERSON	0	20
878	U.S.	GPE	141	145
879	PG	ORG	53	55
880	Project Gutenberg-tm	ORG	41	61
880	"the Project Gutenberg Literary
Archive Foundation"	ORG	98	147
